ワールド名,URL（インバイト）,季節,明るさ,行事イベント,ロケーション,説明,推薦者
"Avatar Testing Chamber
",https://vrchat.com/home/world/wrld_a5e9ec13-36b1-4e63-ae0c-dab9023401f9/info,季節性なし,ライト操作 可,0 関連なし,部屋/住居,アバターの確認に最適 / 改変の確認,
春空の休息地 -BloomingSky Rest-,https://vrchat.com/home/launch?worldId=wrld_84f03063-6013-43f6-a827-995a512a617e/info,春,ライト操作 可,4 お花見,公園,"画面全体がピンクにできる。
桜。",
神穣小学校 shinjo-es,https://vrchat.com/home/launch?worldId=wrld_38ee1c16-3109-4ec2-a883-9338c9654e01/info,春,明,0 関連なし,学校,"学校の教室
少し明るめなので、レベル補正とブルームを要調整",
Gion Street - 祇園通り日本 ,https://vrchat.com/home/launch?worldId=wrld_d048292b-42ad-4204-9372-0103d9a46f71/info,春,明,0 関連なし,"神社/和風, 田舎（日本）","アバターの明るさ調整ギミック必須：Light Limit Changer
その変わり、映える和風/神社がある。海外ターゲットに適している。",
RadDolls Pier Café,https://vrchat.com/home/launch?worldId=wrld_0340e2e5-e83e-49af-b7e8-942ebe45c7fb/info,夏,明,0 関連なし,都市,世界観がかっこいい　カフェ部分あり,
Deep Blue,https://vrchat.com/home/launch?worldId=wrld_f7a383bc-c925-4696-85c2-2996c0a40112/info,夏,明,8 海/ビーチ,海,王道のビーチ、青い空と砂浜,
Waiting ⁄ 待ち,https://vrchat.com/home/launch?worldId=wrld_7ee3b148-348d-487e-853e-9babcd133a35/info,夏,明,8 海/ビーチ,海,画面全体が青～白にできる。海と青空。,
Blooming ⁄ 開花,https://vrchat.com/home/launch?worldId=wrld_8545e31b-e5f9-4227-b3ad-f985ef496adf/info,秋,明,4 お花見,"神社/和風, 荒廃した世界",ドラマチックな場所。桜。,
Unity Japan Office Metaverse,https://vrchat.com/home/launch?worldId=wrld_48215488-6465-476c-bde0-f88f4e500cf7/info,季節性なし,明,0 関連なし,オフィス/事務所,オフィス / 会社 / 会議,
秋に染まる灯篭川-The lantern river dyed in autumn-,https://vrchat.com/home/launch?worldId=wrld_0f3e9e91-6295-4303-a297-8c518c069820/info,秋,明,0 関連なし,公園,秋の木陰、紅葉で落ち着いた雰囲気,
小雨のあの日-A drizzly day ,https://vrchat.com/home/launch?worldId=wrld_269fa2ee-33e6-4505-b44f-fd1b3e4b6262/info,季節性なし,夕,6 梅雨,都市,"ハイコントラストでドラマチック
画面構成が綺麗にできればTikTokで目に留まる可能性有。",
新宿ライブストリート ⁄ Shinjuku Live Street,https://vrchat.com/home/launch?worldId=wrld_c82a5c14-97a5-4782-a034-d897d2d943a2/info,季節性なし,暗,0 関連なし,"都市, 駅",音楽イベント/企画に向いている。場所によっては明るい。,
deep fog,https://vrchat.com/home/launch?worldId=wrld_20b24354-d67f-4622-9415-e1d14af60639/info,季節性なし,暗,6 梅雨,都市,"暗いが背景が白いので、ドラマチックな演出が可能
雨の空気感がいい感じに表現されている。",
星巡りの大聖堂 ～ Charlotte's Moonlight Cathedral,https://vrchat.com/home/launch?worldId=wrld_7112248e-23e5-48d4-a63b-7cc248189422/info,季節性なし,暗,0 関連なし,教会,"暗めだが、教会で神聖な雰囲気が出せる
レベル補正を上げたり等して画面が調整できればいい感じ",
竹影の夏祭り,https://vrchat.com/home/launch?worldId=wrld_ee1d8944-9e3f-41bb-bf8c-aa0009ef2a08/info,夏,暗,7 祭り/花火,神社/和風,"アバターの明るさ調整ギミック必須：Light Limit Changer
夏にはいい感じの花火と雰囲気。ブルームとレベル補正要調整の事",
雲 - The Cloud We Chase,https://vrchat.com/home/launch?worldId=wrld_fab25276-98ce-4320-84ca-1362cfb64abf,夏,明,0 関連なし,田舎（日本）,歩けるエリアは狭いけど、夏のエモい感じ。,
"That Cloud
",https://vrchat.com/home/world/wrld_1d9bc157-860f-4775-9da7-f99b2c1eb886/info,夏,明,0 関連なし,田舎（日本）,歩けるエリアは狭いのと、通路なので配信するのは難しいかも。,
"Rain of you
",https://vrchat.com/home/world/wrld_0f2e25a6-1c09-4f25-9fdb-2c8cd009edfd/info,春,中間,6 梅雨,"田舎（日本）, 駅",雨の空気感がいい感じに表現されている。梅雨の感傷的な感じ。,
"SAKURA hiroba
",https://vrchat.com/home/world/wrld_14241f0e-56b1-4f83-b672-d3d546e321c5/info,春,明,4 お花見,"神社/和風, 田舎（日本）","明るさが動的に少しだけ変化するので、そこは注意が必要。
綺麗な桜が咲いてる。",
Japan Shrine,https://vrchat.com/home/world/wrld_b2d24c29-1ded-4990-a90d-dd6dcc440300/info,季節により変化,季節により変化,1 正月,"神社/和風, 田舎（日本）","現実の季節と連動して、季節が変化する。
非常に綺麗な日本の神社",
夏の忘れ物,https://vrchat.com/home/world/wrld_78d032b6-9408-409d-a383-3a029bfbbaa9/info,夏,明,8 海/ビーチ,海,"辺り一面が海の場所に、ポツンと小島がある。真夏の空。
青空の絵作りができる。",
青天霹靂,https://vrchat.com/home/world/wrld_1002795b-8657-4ac3-bdb0-7515bed967ce/info,夏,明,8 海/ビーチ,海,"辺り一面が海の場所に、ポツンと小島がある。
真夏というより、爽やかな空。",
Grace ⁄ 恵み,https://vrchat.com/home/world/wrld_ff8d5a44-b9a4-47bc-a8e8-ba8958c0dd41/info,春,明,0 関連なし,森,アバターが明るく映る森。自然の癒し。,
Dream˸ ⁄ 夢˸,https://vrchat.com/home/world/wrld_6b0f8171-e617-4e9a-8c4f-931d4a7bcc5f,夏,明,0 関連なし,駅,電車の中。画面が青～白に埋まる。,
Daydreaming ⁄ 夢想,https://vrchat.com/home/world/wrld_929c02a8-780f-493c-8a68-72125b7b6b53,季節性なし,明,0 関連なし,"学校, 荒廃した世界",学校の中。無難に綺麗な画面作りに適切。,
Steps of Time ⁄ 時間の階段,https://vrchat.com/home/world/wrld_c3cf550b-b987-45ef-8b96-cc61fa6c2fde,夏,明,0 関連なし,"田舎（日本）, 川/湖, 荒廃した世界",荒廃した日本の夏。,
Severance ⁄ 断絶,https://vrchat.com/home/world/wrld_d28c9785-f02c-4ced-937a-80e320c10c92/info,春,暗,0 関連なし,"神社/和風, 川/湖","環境は暗いけどアバターは明るく映る。
鳥居と滝のある水辺",
Leftover Happiness ⁄ 残された幸せ,https://vrchat.com/home/world/wrld_1c0d1975-d3a9-4c12-8187-6f0df3e2b41f,春,暗,0 関連なし,"荒廃した世界, 田舎（日本）","環境は暗いけどアバターは明るく映る。
川の周りに和風建築の建物。",
Way to you ⁄ 君へ至る道,https://vrchat.com/home/world/wrld_ddc945c1-aae9-412f-8915-f621651f5852,季節性なし,明,0 関連なし,田舎（日本）,"環境は暗いけどアバターは明るく映る。
一本道の街道。光が綺麗で映える。",
Roshidere Classroom,https://vrchat.com/home/world/wrld_078ecc00-f193-43e0-80ec-139962d851bd/info,季節性なし,明,0 関連なし,学校,アニメ調の教室,
EVERYTHING,https://vrchat.com/home/world/wrld_2d51644c-179e-42ab-83d3-8882752296c6/info,夏,暗,0 関連なし,"荒廃した世界, 海",ローコントラストなエモい風景,
"Ariana
",https://vrchat.com/home/world/wrld_3de51725-d50e-4b13-96b6-75adf895dd62/info,夏,明,8 海/ビーチ,海,画面が真っ青になる。真夏のエモさ。,
追憶の原風景,https://vrchat.com/home/world/wrld_240299fa-7378-463b-a96b-74413aa20cb6/info,夏,明,8 海/ビーチ,"海, 田舎（日本）",田舎の夏。,
VR宇宙博物館コスモリア Cosmoria,https://vrchat.com/home/world/wrld_b5ed19cb-cf04-481c-833a-9833138ff668/info,季節性なし,明,0 関連なし,"宇宙, 展示","宇宙関連の博物館。
回る配信とか試してみる価値あり？",
Avatar Museum 14,https://vrchat.com/home/world/wrld_44897904-a665-44ad-aefa-781f47c73117/info,季節性なし,明,0 関連なし,"展示, 便利機能","アバターが展示されています。試着も可能です。
VRChatをはじめたらまずはここに行きましょう。",
The Avatar Studio,https://vrchat.com/home/world/wrld_96460268-8c89-438f-b8f2-2ea2f1ed1ce7/info,季節性なし,明,0 関連なし,便利機能,アバターの三面図を作成可能,
Just 三面図 ／ Just sanmenzu ［Quest対応］,https://vrchat.com/home/world/wrld_100a0fb3-1e66-4cd8-b0cb-47353f10de88/info,季節性なし,明,0 関連なし,便利機能,アバターの三面図を作成可能,
"碧蓝空想（湛望角站）
",https://vrchat.com/home/world/wrld_c2d1f6d4-956b-42b7-99a6-57310b3badc3/info,夏,明,0 関連なし,"駅, 海","綺麗な波打つ海の上にある駅。
空中を魚が泳いでる。電車、スイカ、木々などがある。",
Club Crash Site,https://vrchat.com/home/world/wrld_95d2a07b-56bb-4cad-912a-6562e4e621b0/info,季節性なし,暗,0 関連なし,ライブステージ,"【注意】アバターの明るさが変更できないと画面が真っ暗になります。
アバターの明るさ調整ギミック必須：Light Limit Changer",
"THE FIRST TAKE
",https://vrchat.com/home/world/wrld_8a93419b-4cef-42d8-9e97-b07c409a5074/info,季節性なし,ライト操作 可,0 関連なし,"ライブステージ, 部屋/住居","THE FIRST TAKE風のワールド
歌配信やショート動画に向いてる",
誰でもお気軽配信ワールド AdHoc -アドホック-,https://vrchat.com/home/launch?worldId=wrld_87971444-32c7-4df5-b5fe-1a185ddacc76,季節性なし,中間,0 関連なし,部屋/住居,"配信者向けのワールドというコンセプト
アバターの明るさ調整ギミック推奨：Light Limit Changer",
AQUA HEAVEN - Waterpark Pool,https://vrchat.com/home/world/wrld_a922b8e1-2351-4c27-b370-4c7fb5dd79c3/info,夏,明,8 海/ビーチ,"海, プール","プールを青い空が映えるワールド
ワールドの設定をいじれる機能付き",
